Feature,Importance
cpu_usage,0.7136129001675495
packet_loss,0.25435364181855435
instance_count,0.008674121268982152
is_peak_hour,0.005612677040439516
network_load,0.005196793144021842
bandwidth_usage,0.0044932217577627505
memory_usage,0.0027565485062470666
request_rate,0.0023697324322390283
active_users,0.001958301698695202
time_of_day,0.0009720621655085351
