Feature,Importance
cpu_usage,0.22221663462418725
packet_loss,0.20789658297178285
bandwidth_usage,0.16554877676395588
network_load,0.13964820786938376
request_rate,0.1322909026876583
active_users,0.07850500486261311
memory_usage,0.040243044201516816
instance_count,0.007663326047299032
time_of_day,0.0046086628174672375
is_peak_hour,0.0013788571541358346
